{"Кольцевой эффект": {"a_story": [0.007480754225829035, 0.008237193279997179, 0.009077265778965678, 0.01001052381101669, 0.011049090830959552, 0.012209143055219755, 0.013513185321437507, 0.01499368564687269, 0.01669928863733478, 0.018706459710182973, 0.021144029780833948, 0.024253917490194187, 0.028583883022329996, 0.03402299836788551], "c_story": [0.01725884691630295, 0.01758663583122095, 0.018000005211005535, 0.018519137006058447, 0.019168867215910056, 0.01998062068933597, 0.02099583371435931, 0.022272116941604844, 0.023894796463048224, 0.026000103294111437, 0.028827157929458152, 0.032855360680423405, 0.03927802175117367, 0.04882679049040822]}, "Продольный эффект": {"a_story": [0.006924860751060676, 0.007052177087971429, 0.007181988711181704, 0.0073143359773156485, 0.0074492599771433035, 0.007586802622535952, 0.0077270067428711516, 0.007869916191350003, 0.008015575961688316, 0.008164032315643577, 0.008315332921842875, 0.008469527006384224, 0.00862666551569528, 0.008786801292151487, 0.008949989262981182, 0.009116286643018206, 0.009285753151907517, 0.009458451246423558, 0.00963444636863008, 0.009813807210692933, 0.009996605997256602, 0.01018291878641275, 0.010372825790426914, 0.010566411717549327, 0.01076376613642056, 0.01096498386479464, 0.01117016538454464, 0.011379417285191637, 0.011592852738511376, 0.011810592007128798, 0.01203276299041375, 0.012259501811447667, 0.012490953449349106, 0.01272727242183383, 0.012968623523551945, 0.013215182626505577, 0.01346713754971659, 0.013724689006305881, 0.01398805163728179, 0.014257455142642218, 0.014533145521901939, 0.0148153864378998, 0.01510446071976353, 0.015400672023266454, 0.015704346669562413, 0.0160158356865148, 0.016335517080635718, 0.01666379837214283, 0.017001119430972617, 0.017347955657941994, 0.017704821562860254, 0.018072274800554185, 0.018450920736857373, 0.018841417630122374, 0.019244482530375123, 0.019660898018697123, 0.02009151993492292, 0.020537286273829745, 0.02099922747081366, 0.0214784783506122, 0.02197629208128559, 0.022494056566755034, 0.023033313834217556, 0.02359578314223143, 0.024183388773881168, 0.02479829382349341, 0.025442941794358853, 0.026120108598720982, 0.026832968762122378, 0.02758518158722305, 0.0283810062846678, 0.029225460682523102, 0.03012454814420045, 0.031085595986440815, 0.03211778513520832, 0.03323302607641192, 0.0340141792245512], "c_story": [0.01704760255130059, 0.01709742318983137, 0.017149556362978782, 0.017204099790366044, 0.017261154552992007, 0.017320825188874837, 0.01738321979638923, 0.017448450146619294, 0.017516631806194012, 0.01758788427222116, 0.017662331121096674, 0.017740100173132912, 0.017821323675128467, 0.017906138503192087, 0.017994686388335904, 0.018087114167572974, 0.01818357406349153, 0.018284223995538168, 0.018389227926529823, 0.018498756248231565, 0.018612986210195956, 0.01873210239646051, 0.01885629725515787, 0.0189857716866142, 0.01912073569610963, 0.019261409118163493, 0.019408022420003907, 0.01956081759280504, 0.01972004914034791, 0.0198859851760134, 0.02005890864047529, 0.020239118654171762, 0.020426932020635565, 0.020622684899118122, 0.02082673466771146, 0.021039462001440454, 0.021261273193661678, 0.021492602753686373, 0.021733916318992304, 0.021985713926883012, 0.022248533698225104, 0.022522955995221576, 0.022809608126418884, 0.023109169685744724, 0.023422378628890357, 0.023750038210506277, 0.024093024930388427, 0.024452297667270705, 0.024828908216536223, 0.02522401349509969, 0.02563888973550956, 0.02607494906541144, 0.02653375896250313, 0.027017065195155683, 0.02752681901332904, 0.02806520955469164, 0.02863470269272298, 0.02923808789903144, 0.029878535152187847, 0.03055966454438506, 0.03128563207932084, 0.032061236313995226, 0.032892052113879945, 0.033784600077693364, 0.03474656347272119, 0.03578706932043221, 0.03691705741548018, 0.03814977191798059, 0.039501427047403954, 0.040992125372691104, 0.042647151543373285, 0.04449883975169291, 0.04658934664789934, 0.04897490835526174, 0.051732642269725924, 0.05497195763379432, 0.05742351036538913]}}